module,kind,current_role,recommended_action,risk,target_plan,audit_finding
src/action-handler.js,support/runtime,Lit action directive and listener state,KEEP,Low,20,Local options/state are runtime concepts and do not masquerade as FHS tool configuration; lifecycle cleanup is explicit.
src/arc-tool.js,tool/simple shape,Arc defaults and SVG arc geometry,MOVE; RENAME,Low,15B,Arc defaults are currently template-visible (radius 45 must remain visible to item before JS). Preserve that pre-source preparation; move derived SVG to geometry and keep arc math.
src/area-tool.js,tool/text-like,Entity area text and measured text geometry,MOVE; RENAME,Medium,15B,"xpos/ypos defaults are applied before BaseTool and may be template-visible; preserve current JS context, then move displayed area to runtime and SVG/measurement fields to geometry."
src/base-tool.js,tool base,Shared tool config/entity/lifecycle/presentation owner,REWORK,High,15B;16B,"sourceConfig currently captures the prepared template-visible object. Make source preparation explicit, preserve JS item/context order, then use one post-evaluation translation route; geometry/paint/runtime stay separate."
src/card-actions.js,support/domain,Action routing and execution,KEEP,Low,20,Action configs are real configuration inputs and executable copies are local/transient; no parallel persistent config owner.
src/card-animations.js,support/paint,State-triggered animation style owner,KEEP; REVIEW,Low,20,Owns presentation output cleanly. Keep domain styles; only align vocabulary if final paint terminology makes a direct rename clearer.
src/card-config.js,support/config compiler,Card-level static compilation/defaulting/validation,RENAME; REVIEW,Low,20,"Legitimate config owner. initializeCardRuntimeDefaults writes configuration defaults, so rename if retained; preserve proven compilation routines."
src/card-entities.js,support/runtime config,Evaluated entity configuration and derived sparkline entities,RENAME; REVIEW,Medium,20,"buildRuntimeEntityConfigs is semantically correct, while callers use resolvedEntityConfigs. Standardize one term; review theme-selected color-stop ownership."
src/card-input-entities.js,support/runtime,Local FHS input entity owner,KEEP,Low,20,this.config is actual card configuration and entity state is separate runtime data.
src/card-layout.js,support/layout,"Groups, viewBox and reusable SVG definitions",RENAME; REVIEW,Medium,20,"Own dynamic group source/current lifecycle is legitimate, but sourceGroupConfigs/activeGroupConfigs should be checked against canonical vocabulary and duplicate state."
src/card-styles.js,support/static,Shared Lit CSS,KEEP,Low,20,Static stylesheet only.
src/card-templates.js,support/config compiler,Card template compilation,KEEP,Low,20,Intentional config-time compiler before tool source boundaries.
src/card-theme.js,support/runtime/paint,"Theme, palette and color context lifecycle",KEEP,Low,20,Clear owner of theme runtime and paint context; connected/disconnected lifecycle is already consistent.
src/card-tools.js,support/tool coordinator,Tool construction and lifecycle forwarding,ADAPT; CLEANUP,Low,15B-20,Good lifecycle coordinator. Adapt geometry lookup to canonical tool.geometry; text-tool-geometry may become removable.
src/child-cards.js,support/domain,Nested HA card creation and lifecycle,KEEP; RENAME,Low,20,cardsConfig is recognizable configuration and child items are runtime/domain data. Optional terminology cleanup only.
src/circle-tool.js,tool/simple shape,Circle config and geometry,MOVE; RENAME,Low,15B,"Radius/default preparation currently precedes BaseTool and may be template-visible. Preserve evaluation order, then move derived SVG to geometry; keep radius behavior."
src/color-filter.js,support/paint,Color-filter normalization/application,KEEP,Low,16B;20,"Proven paint/conversion implementation; ownership at callers may change, algorithm should not."
src/color-stops.js,support/config+paint,Color-stop normalization and light/dark selection,ADAPT; REVIEW,Medium,16B,"Preserve proven normalization. Final active theme-selected result belongs to paint, but owner cutover is atomic across all families at end of Plan 19; no duplicate persistent owner."
src/colors.js,support/paint,Color calculations and conversions,KEEP,Low,20,Proven calculation library; explicitly outside functional rewrite scope.
src/compounds.js,support/config compiler,Compile compounds into normal layout items,KEEP,Low,20,Correct config-time compiler; output feeds normal tool source.
src/config-helper.js,support/helper,Style/config conversion helpers,KEEP,Low,20,Stateless helper with no ownership issue.
src/const.js,support/static,Shared constants,KEEP,Low,20,No mutable architecture state.
src/control-base.js,tool/control base,"Common control defaults, label and lifecycle",MERGE; MOVE,Medium,17B,Common defaults/haptics/label completion may be template-visible today. Characterize and preserve order; migrate child presentation to the canonical paint route without config mutation.
src/control-button.js,tool/control,"Button presets, content and state visuals",REWORK,High,17B,Button defaults/presets precede BaseTool and may be JS-visible. Preserve source order; move SVG/selection to geometry/runtime and publish selected visual styles through child paint with unchanged merge priority.
src/control-content.js,support/control child owner,Nested control visual stack,REWORK,High,17B,"Resolve effective child source once. Replace runtime child config.styles mutation with the 16B paint.styles/setPaintStyles route, preserving exact merge priority and Text measurement effects."
src/control-number.js,tool/control,Number stepper and child tools,MOVE; RENAME; ADAPT,Medium,17B,Defaults/presets and normalized source currently precede BaseTool and may be JS-visible. Preserve source/evaluation order; move numberGeometry to geometry and generated actions to runtime.
src/control-select.js,tool/control,Select options and segment visuals,REWORK,High,17B,Select defaults/presets precede BaseTool and may be JS-visible. Preserve source order; HA options become runtime and selected child styles use paint with unchanged priority; shared color-stop cutover waits for Plan 19.
src/control-slider.js,tool/control,Slider interaction and value state,MOVE; RENAME; ADAPT,Medium,17B,Defaults/variant completion precedes BaseTool and may be JS-visible. Preserve source/evaluation order; consolidate existing runtime values/scale/availability and move SVG to geometry without changing interaction math.
src/control-toggle.js,tool/control,"Toggle styles, content and state",MERGE; REWORK,High,17B,"Toggle has template-visible constructor preparation plus a second post-super buildConfig route. Preserve current JS-visible source defaults, then unify post-evaluation completion and move SVG to geometry."
src/control-tool.js,support/dispatcher,Control subtype compile and dispatch,CLEANUP,Low,17B,Active code is a dispatcher. Remove obsolete commented implementation in post-migration cleanup; retain routing.
src/fhs-input-number.js,support/config+runtime helper,FHS input_number normalization and value math,KEEP,Low,20,Proven config normalization and bounded runtime math; no persistent competing owner.
src/fhs-input-select.js,support/config helper,FHS input_select normalization,KEEP,Low,20,Pure config-time normalization.
src/group-manager.js,support/layout,Group cascade and transforms,KEEP; RENAME,Low,20,Clear layout owner. Update comments/parameters that describe items as active runtime config once canonical tool config is established.
src/home-assistant.js,support/runtime,HA context and connection lifecycle,KEEP,Low,20,Strong reference for consistent runtime ownership and connected/disconnected semantics.
src/horseshoe-gauge.js,tool/complex,"Gauge, path, paint and runtime coordinator",REWORK,Very High,19,Current source is prepared by Horseshoe normalization before BaseTool and may be JS-visible. Preserve that order while removing config swapping and separating geometry/runtime/paint.
src/horseshoe-geometry.js,support/calculation,Gauge scales and splines,KEEP; RENAME,Low,19,Proven geometry/math. Constructor config arguments can be made domain-specific if useful; calculations stay intact.
src/horseshoe-labels.js,support/presentation,Horseshoe label construction,ADAPT; RENAME,Medium,19,"Consumes runtimeConfig.mapped_state, demonstrating config/runtime conflation. Change contract to explicit config plus runtime/geometry inputs."
src/horseshoe-marker.js,support/presentation,State marker rendering,ADAPT; RENAME,Low,19,pathConfig is really path input/geometry. Rename contract and consume canonical geometry/runtime/paint values.
src/horseshoe-state.js,support/config+runtime,"Gauge defaults, normalization and state mapping",REWORK,High,19,normalizeBaseConfig may contribute template-visible source values while normalizeRuntimeConfig/getGaugeStateData mix later config/runtime/paint. Preserve source order; split post-evaluation translation from runtime mapping/paint without changing algorithms.
src/horseshoe-tickmarks.js,support/presentation,Tickmark visibility and geometry helpers,ADAPT; RENAME,Low,19,Update contracts that currently expect mixed runtime config; preserve calculations.
src/icon-source.js,support/async,HA icon source loader and cache,KEEP,Low,15B;20,Async lifecycle is clean and domain-specific; tool should consume its results as runtime/presentation data.
src/icon-svg-source.js,support/async,External SVG injector owner,RENAME,Low,20,setConfig only clears requests and does not set configuration; rename to a lifecycle-accurate action if touched.
src/icon-tool.js,tool/stateful,"Icon rendering, state-map and async source",MOVE; RENAME; ADAPT,Medium,15B,State-map separation is already good. Move SVG to geometry; selected map item may be runtime/local; avoid persistent merged render config.
src/layout-sections.js,support/static,Canonical section registry,KEEP,Low,20,Good shared registry and vocabulary source.
src/line-tool.js,tool/simple shape,Line and legacy line translation plus geometry,MOVE; RENAME; ADAPT,Medium,15B,Classify defaults/legacy routing by current JS visibility. Preserve template-visible preparation before sourceConfig; move safe post-evaluation validation/normalization to translation and SVG to geometry.
src/main.js,card root,Card compile/runtime orchestration,RENAME; ADAPT,Medium,20,Lifecycle order already proves config update before setState. Standardize resolvedEntityConfigs to runtimeEntityConfigs and keep tool-specific ownership out of root.
src/masks-clips.js,support/render/config,Compiled gradients and clip/mask rendering,KEEP; REVIEW,Low,20,Own this.config is legitimate full card config. Do not force tool lifecycle; review terminology only.
src/merge.js,support/utility,Deep merge utility,KEEP,Low,20,Core proven utility.
src/name-tool.js,tool/text-like,Entity name and text measurement,MOVE; RENAME,Medium,15B,"xpos/ypos defaults are applied before BaseTool and may be template-visible; preserve that source order, move displayed name to runtime and SVG/measurement fields to geometry."
src/palettes.js,support/paint/cache,"Palette loading, cache and application",KEEP,Low,20,Clear paint/cache domain.
src/path-animator.js,support/runtime,Path state animation,KEEP; RENAME,Low,19,Independent runtime lifecycle. Constructor config is animation options; optional semantic rename only.
src/path-elements-renderer.js,support/render,Pure path element renderer,KEEP,Low,19;20,No persistent architecture state.
src/path-elements.js,support/geometry,Path label/tick/marker calculations,KEEP,Low,19,Pure geometry/domain calculations; preserve.
src/path-generators.js,support/geometry,Path definition generators,KEEP,Low,19,Proven path algorithms; explicitly preserve.
src/path-geometry.js,support/geometry/cache,"Path measurement, transform and cache",KEEP,Low,19,Already has strong geometry vocabulary and ownership; reference-quality support module.
src/path-gradient-renderer.js,support/render/paint,Gradient renderer,KEEP,Low,19,Pure render/paint consumer.
src/path-mask-renderer.js,support/render,Path mask/band renderer,KEEP,Low,19,Pure renderer.
src/path-ranges.js,support/runtime/calculation,Value-to-progress and range mapping,RENAME; ADAPT,Medium,19,Constructor config is domain options rather than tool config. Rename input contract; preserve mapping algorithms.
src/path-renderer.js,support/render,Master path renderer,KEEP,Low,19,Pure renderer.
src/polygon-tool.js,tool/simple shape,Polygon validation and path geometry,MOVE; RENAME,Medium,15B,fill_mask/radius defaults precede BaseTool and may be template-visible. Preserve source order; move derived SVG/pathInput/pathDefinition under geometry and keep validation/generator logic.
src/rectangle-tool.js,tool/simple shape,"Rectangle defaults, fit and measured geometry",MOVE; RENAME,Medium,15B,Radius/fill-mask/fit sizing preparation precedes BaseTool and may be template-visible. Classify and preserve source order; move derived/fit SVG to geometry without changing measurement timing.
src/same-as.js,support/config compiler,same_as compilation,KEEP,Low,20,Correct config-time transformation before tool source.
src/sparkline-graph-tool.js,tool/complex,"Sparkline config, series/history/graph/render coordinator",REWORK,Very High,18B,"Large pre-BaseTool completion must be classified by JS visibility, not moved wholesale. Preserve evaluation order, canonicalize complete series, then separate geometry/runtime/paint/graph input."
src/sparkline-graph.js,support/calculation,Processed graph data and geometry engine,RENAME; ADAPT,Medium,18B,"this.config is a derived graph calculation input, not tool public config. Rename to input/graphInput; preserve all graph math and signatures."
src/sparkline-history.js,support/history,"History requests, rows and time lifecycle",RENAME; ADAPT,Medium,18B,"Strong domain owner, but updateConfig receives inputs rather than owning public config. Rename to updateInputs and retain history algorithms."
src/sparkline-series.js,support/runtime series,"Series identity, config merge and layout coordination",REWORK,High,18B,Builds persistent effectiveConfig by remerging parent+series. Canonical translation must publish complete config.series[]; Series keeps runtime identity/state/layout.
src/sparkline-state.js,support/constants,Sparkline request/data/result enums,KEEP,Low,20,Clear domain vocabulary; state here is an explicit state-machine concept.
src/state-tool.js,tool/text-like,"State formatting, UOM and measurement",MOVE; RENAME,Medium,15B,xpos/ypos/show.uom completion occurs before BaseTool and may be template-visible. Preserve source/evaluation order; move displayed state/UOM to runtime and SVG/measurements to geometry.
src/templates.js,support/evaluator,JS template context and evaluation,KEEP,Low,16B;20,Proven evaluator. Canonical tool translation must reuse it rather than replace it.
src/text-tool-geometry.js,support/geometry adapter,Text geometry lookup adapter,ADAPT; REMOVE?,Low,15B;16B,Must remain as the single 15B compatibility adapter because TextTool migrates in 16B; remove/reduce only after Text exposes canonical geometry.
src/text-tool.js,tool/complex text,"Multipart text, source tools, state map and measurement",REWORK,High,16B,Unify parts under canonical config while preserving per-part JS context/order. Effective paint styles must participate in measurement invalidation; geometry adapter cleanup follows in 16B Pass B.
src/utils.js,support/utility,Small shared calculations,KEEP,Low,20,Stateless utility module.
